<?xml version="1.0" encoding="UTF-8"?>
<project-private xmlns="http://www.netbeans.org/ns/project-private/1">
    <editor-bookmarks xmlns="http://www.netbeans.org/ns/editor-bookmarks/2" lastBookmarkId="0"/>
    <open-files xmlns="http://www.netbeans.org/ns/projectui-open-files/2">
        <group>
            <file>file:/C:/Users/Rakotomalala%20Cédric/Documents/COURS%20SIO%202/COURS%20BUFFETEAU/Java%20project/projetAutoEcole/src/Vues/FrmEleveInscriptionLecon.java</file>
            <file>file:/C:/Users/Rakotomalala%20Cédric/Documents/COURS%20SIO%202/COURS%20BUFFETEAU/Java%20project/projetAutoEcole/src/Controlers/CtrlCategorie.java</file>
            <file>file:/C:/Users/Rakotomalala%20Cédric/Documents/COURS%20SIO%202/COURS%20BUFFETEAU/Java%20project/projetAutoEcole/src/Controlers/CtrlMoniteur.java</file>
        </group>
    </open-files>
</project-private>
